Adv Roll No,SC
245058146,1
246124056,2
246133127,3
246094025,4
242013222,5
241014166,6
242020175,7
241037012,8
242045094,9
246157576,10
245054061,11
246154129,12
242051274,13
244036114,14
246023010,15
241004004,16
245057226,17
241139002,18
246207066,19
246142074,20
247019009,21
245039141,22
242031228,23
241101350,24
246157667,25
246019037,26
241109579,27
244033087,28
242075712,29
244049030,30
245024033,31
247001017,32
241105144,33
241107067,34
244046307,35
241050053,36
245014025,37
247018394,38
242026051,39
241131040,40
247003322,41
241042025,42
246088362,43
246183040,44
246052261,45
241102356,46
241032193,47
242069035,48
241004030,49
242103211,50
246153396,51
245065465,52
246119187,53
246162380,54
241017121,55
242009097,56
245063077,57
242078136,58
244015038,59
241043231,60
245062341,61
246128026,62
243024399,63
246129195,64
241007113,65
244015148,66
243023006,67
246027067,68
246158603,69
246149256,70
242042088,71
242096098,72
246045088,73
241128107,74
241109524,75
242052077,76
243052275,77
245031161,78
246174070,79
242014049,80
245010372,81
247053331,82
245049133,83
242083340,84
244012040,85
246016036,86
241003169,87
246032141,88
241058120,89
243052446,90
242017385,91
242034333,92
246035057,93
246173019,94
245064021,95
241071158,96
246045040,97
245062360,98
245010631,99
241135567,100
241028142,101
246154184,102
246161508,103
242051096,104
245006324,105
244002167,106
245056272,107
245052358,108
245020472,109
245058160,110
241111002,111
245063539,112
245032344,113
245002113,114
242008229,115
247027187,116
246020095,117
241052241,118
246090203,119
241137033,120
241053091,121
245066381,122
241051088,123
242056032,124
241130050,125
247003386,126
242054178,127
243031274,128
241042193,129
247024286,130
245064229,131
247050010,132
241112332,133
242056463,134
241111146,135
246128058,136
241135635,137
246094185,138
246163637,139
243052568,140
246156303,141
241128032,142
241094018,143
241043144,144
247004297,145
241096088,146
242077307,147
241018085,148
241153016,149
241113185,150
245008099,151
241057046,152
246154006,153
247021702,154
241122015,155
241054086,156
245061043,157
246088147,158
241112030,159
242083449,160
247003259,161
242046043,162
242003122,163
247049171,164
241061200,165
241078056,166
241064253,167
242097077,168
241111080,169
242059011,170
241111190,171
245062096,172
242078150,173
245058063,174
245058101,175
246153459,176
242097041,177
246162221,178
241042066,179
246008136,180
241055014,181
241056087,182
241094074,183
241149063,184
242027151,185
242019312,186
242030242,187
246128037,188
246039489,189
241130001,190
241133337,191
241049644,192
241049392,193
245020404,194
244015592,195
244026024,196
245009129,197
247027035,198
241042187,199
242001491,200
242004301,201
241099054,202
245017102,203
241092033,204
241032106,205
245065096,206
243052271,207
241114142,208
242075464,209
242049036,210
241130031,211
242096095,212
242011066,213
246159256,214
247004036,215
241054105,216
241020056,217
245064462,218
244021175,219
242091176,220
246015016,221
241134228,222
245005572,223
247050025,224
245062175,225
241110053,226
241109513,227
241041141,228
241054210,229
244013018,230
244011053,231
241055020,232
243039033,233
246148010,234
241017160,235
246042094,236
246049040,237
245064353,238
243052461,239
242030323,240
241113107,241
245066375,242
241110382,243
241053369,244
246173121,245
242061139,246
242019025,247
246163354,248
242049290,249
241108076,250
246029230,251
242014296,252
245063467,253
244053118,254
245057099,255
243037123,256
241102428,257
246097049,258
241130082,259
242021191,260
241052232,261
247052074,262
241113056,263
247024035,264
244054092,265
247021229,266
242030028,267
246050149,268
241053166,269
246159547,270
241128068,271
241043055,272
246114158,273
241116075,274
241047057,275
247053021,276
246130179,277
241049453,278
244033041,279
241046023,280
241007079,281
245067182,282
245066389,283
246166177,284
245058340,285
241114018,286
242030298,287
247003252,288
246109341,289
242075680,290
244015272,291
242078050,292
241045158,293
242088105,294
247013204,295
241017184,296
241045114,297
243052158,298
246018009,299
242045241,300
246056128,301
241049580,302
242023168,303
244040311,304
247025163,305
243052041,306
241115027,307
246135200,308
241050023,309
245005342,310
241101481,311
242074055,312
241018101,313
241131015,314
243050009,315
242007158,316
242070256,317
244034171,318
247051278,319
246044163,320
242077005,321
241083351,322
244044138,323
242024159,324
244008038,325
246158145,326
247019031,327
247018583,328
243021445,329
241050170,330
246191202,331
244021160,332
246055006,333
246173163,334
242032286,335
241083029,336
247039177,337
242016087,338
242074222,339
244008110,340
242040392,341
241049636,342
246135151,343
241070127,344
246045022,345
242024151,346
247011224,347
241133082,348
242093075,349
241049234,350
243052389,351
245066016,352
241135364,353
246017143,354
244021078,355
247046197,356
246039090,357
241042472,358
246099015,359
246065167,360
242021065,361
244016202,362
246165029,363
241058128,364
247053038,365
245009215,366
247044101,367
241033194,368
244036481,369
247032065,370
242004432,371
245058441,372
242030332,373
244055067,374
245065283,375
245054215,376
241005133,377
242051078,378
241116390,379
241051085,380
247018721,381
242009099,382
244057411,383
241003531,384
244010131,385
246035020,386
241049625,387
242096108,388
245037015,389
245005446,390
246049213,391
247031038,392
246154086,393
244068158,394
244009448,395
247018533,396
241133378,397
247018166,398
241135623,399
241011002,400
246081243,401
241117022,402
242075184,403
242036177,404
241051024,405
244047219,406
242044070,407
242101089,408
242093424,409
247003141,410
242040262,411
244010103,412
245020194,413
246158550,414
241054191,415
242001448,416
246014131,417
241109226,418
241054186,419
241026018,420
241124069,421
242084236,422
247038094,423
246042176,424
241049217,425
242005129,426
245020425,427
241081044,428
246012169,429
246052436,430
242053329,431
242091178,432
242007183,433
242077289,434
245023079,435
246026069,436
241087016,437
241053400,438
244025381,439
241114014,440
244053039,441
246027208,442
241043114,443
241083193,444
246055045,445
247041310,446
246050107,447
246123067,448
244036230,449
244071069,450
242053419,451
242078020,452
245027089,453
242050210,454
244037292,455
241009099,456
245058189,457
247051425,458
247038162,459
246044075,460
245059101,461
241137107,462
246144224,463
246161668,464
246035213,465
242071031,466
241086009,467
241017158,468
244003015,469
247010102,470
247041262,471
246053425,472
242025268,473
247024063,474
246103391,475
244033396,476
246150055,477
242011160,478
242004007,479
242075514,480
246122062,481
246162093,482
246191028,483
242043216,484
243052525,485
243011264,486
241150068,487
242078127,488
243004085,489
241004397,490
246012077,491
241116050,492
244002171,493
242090163,494
246016059,495
241139123,496
245064145,497
241134720,498
244077013,499
242016042,500
242065087,501
243052551,502
246155115,503
245063557,504
242072278,505
241134657,506
247029080,507
243037145,508
243034201,509
246161108,510
246157686,511
241075124,512
242009157,513
241102256,514
247016175,515
246163517,516
242046059,517
244002058,518
246173016,519
243022133,520
245058383,521
241110386,522
242031285,523
242003140,524
244014211,525
241111032,526
244053295,527
246158660,528
246149343,529
243011283,530
244014136,531
242036275,532
246041055,533
246163088,534
246134106,535
242014198,536
245057359,537
246119263,538
247036134,539
246035216,540
247036131,541
247010131,542
242030216,543
241119068,544
247043173,545
246148054,546
241025175,547
242101111,548
242091022,549
241100054,550
241094305,551
246035318,552
245067156,553
241080268,554
246056023,555
245066366,556
244046150,557
241053138,558
242086074,559
242026161,560
246012132,561
242079024,562
241111145,563
242043254,564
244029136,565
246047115,566
247003207,567
246161382,568
245066368,569
243037102,570
246166158,571
245066388,572
241069055,573
244057288,574
242031104,575
247004586,576
241058136,577
245037034,578
242062098,579
244057023,580
242019367,581
244009202,582
246039296,583
241011020,584
247052197,585
244001082,586
244024289,587
242086007,588
245019050,589
241101836,590
246011117,591
242073291,592
246032073,593
246054085,594
241052052,595
241041003,596
241137065,597
241134083,598
242050030,599
242080116,600
241114079,601
246140165,602
242054070,603
246048139,604
246120136,605
241069102,606
245057252,607
246161512,608
241128249,609
244008169,610
245020283,611
244036426,612
243035026,613
244034090,614
244039239,615
246096112,616
241120051,617
244041071,618
242088048,619
243013188,620
245032113,621
244015678,622
247006052,623
245010108,624
246138049,625
245064054,626
241048148,627
246052465,628
241052129,629
243003099,630
241110104,631
242003080,632
244065209,633
246047107,634
242031394,635
241103278,636
246192283,637
247035633,638
242075494,639
242007165,640
242050091,641
243004414,642
245064104,643
241088023,644
245054066,645
241129069,646
246088480,647
246022165,648
246190025,649
247003022,650
244043036,651
241130075,652
241048093,653
245064408,654
247048049,655
241082226,656
246161296,657
246153287,658
241133088,659
243002135,660
241083449,661
241134183,662
244040202,663
246111162,664
245056039,665
241005148,666
241133607,667
241049315,668
245056128,669
241114131,670
242022011,671
242075073,672
241128157,673
241003622,674
241058047,675
242084222,676
246038180,677
242045381,678
245058033,679
247035204,680
244041155,681
247026052,682
241140015,683
242099035,684
246089177,685
242088174,686
241001104,687
243034153,688
245060101,689
242052205,690
242029259,691
246161052,692
245061022,693
242013070,694
242009174,695
247037013,696
241049264,697
246040129,698
246191123,699
245038236,700
244002134,701
247033164,702
242033001,703
245053105,704
241109197,705
241129007,706
242069266,707
244048205,708
243031214,709
247021096,710
245057130,711
243052543,712
244042065,713
246168070,714
241013113,715
246150284,716
247018503,717
242062183,718
241049250,719
247048102,720
241152031,721
244015495,722
241048178,723
241053296,724
245064219,725
243038141,726
241071095,727
246053448,728
241053289,729
242043270,730
247051270,731
246052140,732
241049665,733
246163536,734
246141187,735
247008278,736
244001292,737
242041342,738
241066014,739
246090100,740
243052546,741
247011274,742
242041045,743
242099066,744
242034367,745
241007100,746
244039164,747
241059054,748
247051442,749
246065019,750
244039320,751
245053100,752
241083021,753
245068020,754
242019230,755
242009295,756
246151154,757
246159125,758
241003457,759
247019439,760
241133245,761
245053053,762
246128065,763
247043144,764
241134175,765
246142038,766
246149172,767
241033118,768
246063242,769
241082181,770
241140010,771
242022285,772
246014123,773
242093464,774
247030021,775
242052123,776
245020410,777
241049318,778
247012122,779
241049188,780
241134389,781
246170035,782
242074168,783
242021232,784
241049648,785
245065002,786
244032018,787
241153249,788
242048068,789
246149485,790
246172064,791
245016428,792
244037130,793
244071180,794
245063232,795
245064390,796
242045207,797
244003145,798
242082318,799
241103482,800
245039221,801
247033012,802
243049022,803
242079083,804
246055210,805
242055169,806
244050139,807
247038318,808
242049180,809
244001138,810
242097156,811
245053116,812
247037006,813
242084061,814
242067306,815
241101744,816
246029204,817
247009171,818
244014165,819
247053059,820
241013052,821
242035164,822
242019142,823
246022076,824
242051435,825
242015315,826
242051201,827
242084181,828
244001131,829
242021227,830
244054263,831
245023127,832
241050157,833
241043281,834
245067078,835
246157633,836
246023094,837
242008036,838
246052153,839
244010206,840
241049257,841
241108187,842
244034075,843
241075031,844
241023225,845
244034160,846
246132053,847
242023030,848
241101639,849
247018649,850
246053055,851
247023134,852
242091016,853
244015333,854
242072310,855
241045029,856
241095154,857
243020246,858
246008059,859
242020294,860
241121043,861
242010097,862
246154389,863
244036271,864
245006315,865
245061032,866
244037248,867
241043109,868
245039099,869
245065315,870
247039222,871
241111063,872
246174064,873
242033256,874
242022303,875
242053317,876
246035037,877
246172017,878
245066227,879
243052630,880
241129073,881
247043255,882
246138128,883
242034235,884
241080329,885
241134680,886
241003123,887
241043086,888
241115095,889
241135513,890
242056281,891
246090173,892
241032129,893
246145085,894
241050195,895
242056119,896
246012054,897
242060320,898
242064328,899
241023368,900
241134160,901
247018250,902
241109210,903
242005126,904
246167125,905
243052560,906
247038253,907
242007162,908
242091068,909
242057385,910
246154193,911
242045104,912
247051056,913
245062164,914
241042030,915
244040255,916
241079087,917
244038286,918
242062153,919
242013289,920
247033035,921
242063192,922
242036290,923
242004011,924
246050042,925
242029126,926
242002078,927
244057041,928
242009201,929
247003341,930
242023218,931
246131154,932
243025436,933
246035097,934
246045041,935
244042087,936
245062086,937
247036179,938
241043217,939
246192295,940
242067088,941
244022108,942
243016304,943
245024356,944
247053018,945
241033176,946
244014241,947
241039183,948
245026176,949
241058196,950
244023084,951
241014099,952
241095056,953
241053389,954
245062163,955
241049538,956
247033137,957
245020245,958
246091465,959
246156202,960
242067273,961
246053453,962
244033247,963
241104445,964
241138204,965
242009001,966
246131212,967
247001113,968
244043034,969
245006167,970
244032160,971
241049484,972
242075551,973
247009125,974
247018498,975
244031180,976
247034008,977
247049009,978
241019057,979
241131088,980
244001322,981
244033372,982
242069100,983
245064064,984
245058407,985
241135092,986
244047117,987
242004255,988
241137076,989
242069342,990
247039320,991
243052500,992
242076090,993
244008139,994
242075683,995
243003079,996
244015285,997
241107110,998
241113022,999
244041295,1000
242018315,1001
242086187,1002
246091038,1003
244042039,1004
246004013,1005
242053272,1006
245009252,1007
245011087,1008
242057136,1009
241153146,1010
245066399,1011
242069153,1012
242093082,1013
243007115,1014
241005030,1015
242065156,1016
242091116,1017
241049642,1018
245039041,1019
242001315,1020
247051179,1021
241014134,1022
245010587,1023
246032282,1024
241133054,1025
247053318,1026
245064272,1027
241019107,1028
246170079,1029
247003334,1030
241112100,1031
243052093,1032
246129235,1033
247026022,1034
246130131,1035
246050104,1036
242027300,1037
247004403,1038
242035280,1039
246027425,1040
241112290,1041
241044213,1042
241134688,1043
241102068,1044
241065078,1045
247031092,1046
246159418,1047
241134177,1048
245063520,1049
247006115,1050
241052201,1051
247053281,1052
247002170,1053
241101335,1054
246038059,1055
247005131,1056
241157011,1057
247030220,1058
241044226,1059
241018020,1060
242050146,1061
242075199,1062
242057270,1063
241120016,1064
244036042,1065
244007055,1066
242018375,1067
244033148,1068
247003487,1069
241003257,1070
246197049,1071
242103097,1072
243004372,1073
242066153,1074
241136028,1075
241112347,1076
246012012,1077
242008117,1078
244041287,1079
242065285,1080
241140004,1081
243053046,1082
245002302,1083
243004200,1084
241055047,1085
247043412,1086
244051243,1087
242030420,1088
242050301,1089
241049138,1090
246138097,1091
242051085,1092
242026230,1093
244071009,1094
242011028,1095
242015313,1096
246171283,1097
242008062,1098
242065120,1099
242020184,1100
241103064,1101
242011163,1102
242005159,1103
242102060,1104
245066468,1105
245059110,1106
247026057,1107
245062154,1108
246012078,1109
242043187,1110
241089034,1111
242058108,1112
245062162,1113
241130064,1114
244019154,1115
246154280,1116
247042622,1117
245053109,1118
244023061,1119
245039211,1120
247054102,1121
241010089,1122
247048036,1123
244043234,1124
246163231,1125
241094335,1126
244039019,1127
244017022,1128
245066183,1129
241043170,1130
242060357,1131
241070541,1132
246154038,1133
244036300,1134
246079031,1135
241087137,1136
245066261,1137
245052010,1138
247053289,1139
246138056,1140
244065030,1141
245060136,1142
242080085,1143
242013149,1144
244043142,1145
246093283,1146
243051058,1147
242075572,1148
246141184,1149
242085076,1150
246047162,1151
247019322,1152
242086091,1153
245053012,1154
247005059,1155
242070196,1156
244029025,1157
241021071,1158
242021275,1159
247024057,1160
245062355,1161
241039101,1162
244076037,1163
241081038,1164
241136020,1165
241051054,1166
244010085,1167
242056094,1168
244021213,1169
245064410,1170
245063516,1171
247053255,1172
245063096,1173
246143048,1174
245060091,1175
244034114,1176
247053084,1177
243010127,1178
242025291,1179
241043272,1180
241034126,1181
244022091,1182
241016167,1183
241047034,1184
242047142,1185
242091005,1186
242031334,1187
241114117,1188
241110343,1189
246145041,1190
241112142,1191
245023231,1192
247002013,1193
245058045,1194
246151155,1195
247006083,1196
242056249,1197
246042070,1198
245056178,1199
245059060,1200
241088034,1201
241113178,1202
241101180,1203
243018394,1204
243039190,1205
241064347,1206
243052534,1207
243052022,1208
246044059,1209
242049459,1210
242055160,1211
242017075,1212
243008126,1213
241049252,1214
242005023,1215
247043163,1216
242088103,1217
246027469,1218
244034067,1219
246057070,1220
246191170,1221
243003435,1222
247042263,1223
241156009,1224
245058165,1225
242080187,1226
241111228,1227
242042187,1228
246198064,1229
246146043,1230
241004228,1231
245065259,1232
243027029,1233
242055322,1234
247045224,1235
246131012,1236
242040124,1237
246173010,1238
244043049,1239
245002191,1240
246149455,1241
247050127,1242
247041317,1243
246172049,1244
242055126,1245
246064216,1246
246202280,1247
241133491,1248
247030128,1249
246194060,1250
245014169,1251
242035069,1252
241080318,1253
244043408,1254
244023118,1255
246049276,1256
241062073,1257
245058068,1258
242001359,1259
246109015,1260
242019052,1261
241004349,1262
242053092,1263
242089228,1264
241101228,1265
244043319,1266
244025327,1267
243034173,1268
242017125,1269
242079184,1270
243020094,1271
245053121,1272
247013138,1273
247022258,1274
246055175,1275
242003100,1276
246028230,1277
241112243,1278
245009330,1279
246035275,1280
247029070,1281
245053055,1282
242070105,1283
245064198,1284
246144032,1285
247022283,1286
246099039,1287
245056158,1288
246052234,1289
242036318,1290
247043180,1291
245054058,1292
244052004,1293
247022335,1294
243049079,1295
241142086,1296
242072419,1297
246154367,1298
244031152,1299
245018060,1300
246121229,1301
241032174,1302
244057365,1303
242035380,1304
246160157,1305
241013138,1306
244006019,1307
244048064,1308
242101106,1309
247036082,1310
246157453,1311
246053178,1312
246176028,1313
246137032,1314
245062547,1315
241004050,1316
242036156,1317
245064429,1318
245066129,1319
246053188,1320
242065302,1321
246087022,1322
242021261,1323
241094028,1324
241138162,1325
242068037,1326
241057004,1327
246159483,1328
242015021,1329
242005077,1330
241134225,1331
242093198,1332
247051098,1333
245065186,1334
242050066,1335
242020215,1336
247011154,1337
242017135,1338
241051096,1339
241112125,1340
241110130,1341
241134466,1342
247018029,1343
241042230,1344
247022180,1345
242019337,1346
241149055,1347
242097047,1348
242077179,1349
242101213,1350
243052258,1351
246053424,1352
244010183,1353
242105041,1354
242073265,1355
242002105,1356
247041025,1357
242015091,1358
241033033,1359
242034095,1360
241141030,1361
246039624,1362
245063521,1363
246017158,1364
245033098,1365
247019379,1366
244036056,1367
241071446,1368
242060136,1369
247008476,1370
246149250,1371
241041161,1372
246175011,1373
242020004,1374
245066247,1375
241135448,1376
246193049,1377
244062002,1378
247024115,1379
242019664,1380
241049058,1381
241003517,1382
247046261,1383
241011022,1384
244021332,1385
242054272,1386
246196246,1387
247013202,1388
247016040,1389
244041067,1390
241104548,1391
241050183,1392
245054182,1393
245060135,1394
244005122,1395
243010212,1396
247030046,1397
241110208,1398
245024446,1399
242010082,1400
246065099,1401
247051275,1402
241128190,1403
245054222,1404
243053095,1405
246156114,1406
243052075,1407
246039316,1408
246038049,1409
245061026,1410
246035138,1411
242065090,1412
242001078,1413
242012105,1414
241102441,1415
241007153,1416
243053091,1417
241057009,1418
245008390,1419
246139143,1420
244014067,1421
242081334,1422
245069162,1423
246043053,1424
245011049,1425
242041095,1426
247008129,1427
242027065,1428
246049199,1429
241128098,1430
244069042,1431
243007134,1432
241142033,1433
246088365,1434
241134554,1435
244004144,1436
247018050,1437
241101096,1438
241130109,1439
241135425,1440
244025147,1441
241128033,1442
246053192,1443
247031117,1444
246041095,1445
242013073,1446
245059108,1447
242030316,1448
243020207,1449
244010317,1450
246129139,1451
243010008,1452
247052307,1453
242077284,1454
244041419,1455
242094036,1456
242092109,1457
241128167,1458
245006348,1459
241028032,1460
241103203,1461
241057022,1462
244066391,1463
241091095,1464
242103196,1465
247004584,1466
246039739,1467
241020094,1468
241055049,1469
246171332,1470
245028100,1471
242025380,1472
241094338,1473
243035184,1474
241041062,1475
241114070,1476
246003059,1477
242057039,1478
246013086,1479
246039462,1480
241109063,1481
244057510,1482
243052441,1483
244020338,1484
244065037,1485
247003184,1486
242017047,1487
242085096,1488
247035597,1489
247030074,1490
242036100,1491
247046065,1492
246136159,1493
242058166,1494
241135117,1495
242085049,1496
242072206,1497
241129015,1498
245062298,1499
246163002,1500
244046049,1501
246048436,1502
246039706,1503
241069043,1504
241109089,1505
247022372,1506
242086115,1507
246052444,1508
246126028,1509
247036221,1510
243021766,1511
246159262,1512
247038093,1513
241050024,1514
246093201,1515
245064193,1516
246014013,1517
241008120,1518
241134613,1519
242022034,1520
244065498,1521
247005102,1522
245053084,1523
241133655,1524
244065599,1525
242082122,1526
245039258,1527
242042303,1528
246148021,1529
246096161,1530
246008124,1531
241134550,1532
246039220,1533
242023209,1534
244036370,1535
247039324,1536
241008192,1537
246029054,1538
241048035,1539
241109673,1540
242032258,1541
244051179,1542
246169082,1543
245021007,1544
247023014,1545
241071434,1546
247039357,1547
242061132,1548
246112078,1549
245065277,1550
243024065,1551
245052043,1552
247027140,1553
246022098,1554
246149241,1555
241096117,1556
246157529,1557
241051052,1558
241137167,1559
247052087,1560
241017218,1561
242051138,1562
242066127,1563
246095001,1564
244061071,1565
244044209,1566
246052311,1567
241119080,1568
247022006,1569
242060014,1570
246154306,1571
245060216,1572
246035170,1573
247033189,1574
242023183,1575
247055017,1576
244025180,1577
244048330,1578
244069037,1579
241137008,1580
246151024,1581
245038391,1582
241134087,1583
241136008,1584
247022219,1585
241018119,1586
244041182,1587
241086073,1588
242041004,1589
247007064,1590
244009441,1591
244055221,1592
247025007,1593
242070028,1594
245053017,1595
244069045,1596
241156033,1597
241044098,1598
241003133,1599
245030439,1600
246105210,1601
241032149,1602
247038230,1603
246048062,1604
241062020,1605
246161149,1606
246121077,1607
245039034,1608
246169069,1609
242052269,1610
242029177,1611
245010284,1612
242061200,1613
242078184,1614
246056041,1615
241044208,1616
241070160,1617
247018626,1618
242019329,1619
246173004,1620
242004074,1621
244021285,1622
242025091,1623
241098005,1624
241112109,1625
241133150,1626
244045106,1627
242030011,1628
242070223,1629
242081144,1630
241110402,1631
242095103,1632
241109130,1633
242013229,1634
242045275,1635
246088108,1636
241070690,1637
242099058,1638
241077060,1639
246199016,1640
247011347,1641
247035394,1642
241133454,1643
246154081,1644
245023072,1645
244058125,1646
242050020,1647
242023135,1648
241053288,1649
242028014,1650
242031002,1651
246134140,1652
242049157,1653
244046152,1654
247023128,1655
245063088,1656
245011048,1657
246021077,1658
246039877,1659
242091040,1660
247019010,1661
242025150,1662
241079099,1663
246027204,1664
246003129,1665
241114264,1666
247052243,1667
246172041,1668
242054071,1669
246023141,1670
242092136,1671
242088175,1672
244010401,1673
245013133,1674
247009155,1675
244036185,1676
246105456,1677
246156247,1678
241107029,1679
245063470,1680
245058181,1681
241103460,1682
247041235,1683
242021037,1684
247023102,1685
242032292,1686
241003044,1687
245062379,1688
246053137,1689
241055076,1690
244009115,1691
246008071,1692
242066136,1693
247027017,1694
247035451,1695
242014436,1696
241013062,1697
241049465,1698
241151065,1699
242095152,1700
242078182,1701
246172126,1702
246049263,1703
244015439,1704
245052027,1705
246097090,1706
246159039,1707
244011082,1708
247035642,1709
247053424,1710
244038098,1711
246141134,1712
242043209,1713
243052124,1714
244044030,1715
246053030,1716
241144001,1717
247053426,1718
247039288,1719
243048081,1720
243004050,1721
241102469,1722
242086018,1723
246172178,1724
242089031,1725
246054066,1726
246143001,1727
247042012,1728
243013164,1729
247037047,1730
241109254,1731
242102286,1732
243028205,1733
241108133,1734
244040350,1735
242070093,1736
246187022,1737
246039557,1738
241154040,1739
241053142,1740
247035541,1741
245066376,1742
242063042,1743
242079173,1744
246144150,1745
244040246,1746
246039115,1747
245058212,1748
242052036,1749
246065296,1750
245056151,1751
242034271,1752
244010277,1753
245063348,1754
244020296,1755
246103329,1756
241030013,1757
241071015,1758
244039034,1759
246144121,1760
246153447,1761
243052367,1762
241130007,1763
245062248,1764
245050228,1765
241016133,1766
241038291,1767
242033144,1768
245063249,1769
246119115,1770
241118031,1771
241113102,1772
246004078,1773
242005115,1774
247018243,1775
243032101,1776
247013018,1777
243052567,1778
245056076,1779
242077116,1780
242101056,1781
246162125,1782
246029181,1783
242030343,1784
245038423,1785
241101145,1786
246042008,1787
241064584,1788
244025214,1789
241052117,1790
242067008,1791
244015349,1792
241043241,1793
246161383,1794
241064178,1795
247052154,1796
242098222,1797
246196221,1798
243048080,1799
244043188,1800
242005224,1801
246153348,1802
245056074,1803
243049046,1804
242101236,1805
246103123,1806
246107043,1807
242062050,1808
241013194,1809
241012034,1810
241133178,1811
247041207,1812
244033394,1813
246035025,1814
242057025,1815
244060053,1816
247039291,1817
242072142,1818
241101083,1818
242075407,1820
246051022,1821
241014189,1822
244053154,1823
247007038,1824
241003193,1825
242034188,1826
242053372,1827
244063072,1828
241068140,1829
245027177,1830
244032152,1831
246091550,1832
247029084,1833
245065355,1834
241107042,1835
246029499,1836
241112165,1837
242042010,1838
247013107,1839
242005228,1840
246130084,1841
242018355,1842
246006134,1843
247033087,1844
245017107,1845
241133223,1846
247018698,1847
246172119,1848
244049018,1849
246017078,1850
246011043,1851
245038054,1852
247010154,1853
247017073,1854
242036357,1855
244076188,1856
241008017,1857
246149019,1858
245009007,1859
244036088,1860
242015049,1861
241058145,1862
241109507,1863
244041469,1864
246175166,1865
246156458,1866
246156083,1867
242009064,1868
245024531,1869
242054298,1870
241083052,1871
247011223,1872
245018308,1873
241128210,1874
242025365,1875
242070214,1876
247019337,1877
247055023,1878
242036045,1879
245059064,1880
246119363,1881
246158507,1882
245062073,1883
241113020,1884
243021681,1885
246051117,1886
246018174,1887
241087093,1888
247051675,1889
243052485,1890
246132013,1891
245064146,1892
245030476,1893
242075368,1894
245032052,1895
241083293,1896
243030080,1897
242059197,1898
247039383,1899
242030357,1900
247033200,1901
245023393,1902
245069151,1903
245064437,1904
241069271,1905
247004547,1906
246134133,1907
242027052,1908
241110296,1909
245054118,1910
241089090,1911
242019081,1912
244040150,1913
244033352,1913
245006275,1915
246014011,1916
242046103,1917
242058065,1918
241105138,1919
242101173,1920
247001015,1921
244068238,1922
246144151,1923
242014017,1924
247018582,1925
246040011,1926
242019575,1927
241059005,1928
241049682,1929
245067095,1930
241053023,1931
245064046,1932
242034398,1933
242004330,1934
241005113,1935
242058410,1936
247053178,1937
242007222,1938
242013387,1939
242024293,1940
241109463,1941
246088475,1942
245067062,1943
241128132,1944
246019091,1945
244025018,1946
246090291,1947
242049045,1948
241041040,1949
247035073,1950
242091107,1951
247024462,1952
241045022,1953
245060034,1954
247004331,1955
243030152,1956
243026074,1957
244065060,1958
242077137,1959
241084124,1960
245065075,1961
245050190,1962
247020008,1963
242072182,1964
246135297,1965
247051466,1966
241121052,1967
246052164,1968
246130011,1969
242027297,1970
246172188,1971
246018057,1972
246155087,1973
247035554,1974
245062512,1975
242094022,1976
247045155,1977
246023195,1978
244009021,1979
243043087,1980
243010109,1981
243048057,1982
246039274,1983
242089033,1984
246017051,1985
244011114,1986
241005224,1987
241051095,1988
242056047,1989
242074029,1990
241106027,1991
246027353,1992
244076121,1993
246119179,1994
244024140,1995
241134089,1996
245005163,1997
241136169,1998
247039274,1999
247008298,2000
242092072,2001
245063377,2002
241110255,2003
242024256,2004
244010349,2005
242083287,2006
242088172,2007
246159114,2008
242022348,2009
246050097,2010
241102069,2011
246039930,2012
241053223,2013
241135643,2014
243039121,2015
246171286,2016
242008128,2017
246069077,2018
246008211,2019
243014079,2020
242075289,2021
245032239,2022
244021158,2023
241039170,2024
241153114,2025
241087145,2026
247039104,2027
241107181,2028
244030235,2029
241116386,2030
246166062,2031
247012044,2032
247035667,2033
244021079,2034
242059022,2035
245063335,2036
241135160,2037
241115092,2038
241087190,2039
242064346,2040
245068041,2041
246156292,2042
241116120,2043
246130123,2044
246148035,2045
241054176,2046
242015272,2047
247032033,2048
245015188,2049
247010002,2050
241061132,2051
241149060,2052
241133040,2053
246022048,2054
244052185,2055
242085091,2056
245009283,2057
246019026,2058
241114167,2059
244025452,2060
245022323,2061
246039178,2062
241099039,2063
242026101,2064
245066191,2065
241032103,2066
247031057,2067
245058285,2068
242016247,2069
247004541,2070
245030426,2071
242098095,2072
246101100,2073
246151089,2074
247012034,2075
244020311,2076
241113119,2077
244023132,2078
244015664,2079
242006092,2080
245006294,2081
246122115,2082
241112277,2083
247054175,2084
241101757,2085
241006009,2086
241134128,2087
242014394,2088
245010509,2089
241138010,2090
246201022,2091
242043468,2092
241143105,2093
247022229,2094
244025107,2095
245058089,2096
244015538,2097
246011058,2098
246048465,2099
241102374,2100
245029276,2101
241053291,2102
245064218,2103
241110353,2104
244036275,2105
246018132,2106
241109490,2107
244029204,2108
242009035,2109
246029184,2110
246044194,2111
246160216,2112
246053400,2113
247021049,2114
246011146,2115
242085046,2116
245065093,2117
241135710,2118
242087030,2119
245058127,2120
245057070,2121
241123017,2122
242088195,2123
241136066,2124
241033093,2125
242064088,2126
245067079,2127
241077072,2128
246153035,2129
244066072,2130
242024008,2131
242086040,2132
247053450,2133
245066158,2134
241110149,2135
241004311,2136
241003552,2137
241082098,2138
243052112,2139
244047187,2140
242033266,2141
241114238,2142
247013064,2143
246120187,2144
242055181,2145
246081068,2146
247004065,2147
241127119,2148
244038062,2149
246160019,2150
242014005,2151
246196222,2152
243052207,2153
244051076,2154
243052387,2155
241135608,2156
247051558,2157
245063241,2158
243049103,2159
242077262,2160
246160579,2161
242073234,2162
242062285,2163
244054133,2164
241155086,2165
245005490,2166
242045014,2167
247011077,2168
246149325,2169
245008165,2170
246005113,2171
247003003,2172
244036376,2173
241004012,2174
246050174,2175
241047035,2176
241049393,2177
241146089,2178
245064131,2179
242055221,2180
245067143,2181
247024195,2182
244005047,2183
246062017,2184
241049328,2185
243011342,2186
241080023,2187
246144065,2188
247004040,2189
242091120,2190
247004439,2191
246151019,2192
246014167,2193
246022218,2194
247017075,2195
246018111,2196
247042598,2197
241140061,2198
241086006,2199
244065540,2200
241135314,2201
241136200,2202
241094102,2202
246189106,2204
246036020,2205
243052611,2206
246161226,2207
241103307,2208
242079071,2209
245070035,2210
247020037,2211
247019085,2212
247039146,2213
245008244,2214
246039212,2215
245063482,2216
246114250,2217
242027145,2218
245065486,2219
244065264,2220
246041003,2221
247016107,2222
245013123,2223
242012088,2224
247047142,2225
243043081,2226
242005292,2227
244041425,2228
245030135,2229
247006354,2230
246049120,2231
243004322,2232
247003151,2233
244046261,2234
243002237,2235
244009007,2236
244069131,2237
245064060,2238
247023006,2239
245052235,2240
246152067,2241
245002212,2242
241038043,2243
244033272,2244
242051402,2245
241103182,2246
246143109,2247
245065422,2248
241094244,2249
247053240,2250
246156097,2251
241087197,2252
244036478,2253
241113176,2254
247051690,2255
242050141,2256
245067097,2257
244021021,2258
245058425,2259
244009034,2260
242071024,2261
246129294,2262
242001130,2263
242064373,2264
243027053,2265
245010608,2266
244022011,2267
241155095,2268
247029217,2269
246156565,2270
246150227,2271
247049173,2272
244038199,2273
242098172,2274
242012081,2275
241017059,2276
241137194,2277
246175060,2278
241087105,2279
245050114,2280
245064004,2281
241043028,2282
241133111,2283
241007165,2284
244065084,2285
245062045,2286
247023193,2287
244032044,2288
244009333,2289
244038190,2290
241053206,2291
242056263,2292
242056465,2293
244012083,2294
244043041,2295
241110413,2296
242097038,2297
245030382,2298
245006440,2299
246196262,2300
242026112,2301
242099079,2302
245067191,2303
241013223,2304
244034141,2305
243002108,2306
241114088,2307
241136247,2308
242025407,2309
247022224,2310
247009197,2311
243012165,2312
246194149,2313
241113018,2314
247049035,2315
241058112,2316
241133188,2317
246042135,2318
246159138,2319
242015253,2320
245016272,2321
245013105,2322
247020011,2323
246192037,2324
245065266,2325
244041311,2326
247001088,2327
242054285,2328
242101429,2329
247042693,2330
242090147,2331
246158271,2332
246044049,2333
244069098,2334
242063050,2335
241051122,2336
246129227,2337
241009073,2338
244029167,2339
244003052,2340
246162215,2341
242044086,2342
242055150,2343
242061069,2344
245010286,2345
246050136,2346
242082014,2347
245060051,2348
244021191,2349
244033399,2350
246155031,2351
241052119,2352
245063114,2353
246201031,2354
244041459,2355
241080245,2356
244025343,2357
246139196,2358
244045085,2359
242049202,2360
242074068,2361
246109121,2362
246169041,2363
241054035,2364
246158629,2365
246098041,2366
242075624,2367
242086348,2368
244011210,2369
245066407,2370
244046081,2371
247036117,2372
244050177,2373
242045258,2374
245063445,2375
242036369,2376
242021226,2377
245013036,2378
247051695,2379
247052100,2380
245054047,2381
246167280,2382
246055040,2383
246040094,2384
244057264,2385
245062260,2386
246027008,2387
245062132,2388
243021468,2389
241134404,2390
247051064,2391
241134317,2392
247035085,2393
245066099,2394
247035220,2395
246027107,2396
241104590,2397
247013094,2398
246039951,2399
246163194,2400
246170128,2401
247024215,2402
241102318,2403
242099077,2404
245016098,2405
246139158,2406
247011249,2407
246112029,2408
245058161,2409
245027577,2410
244001430,2411
246035160,2412
245021066,2413
244016128,2414
244051202,2415
246036113,2416
247007156,2417
243007074,2418
246162527,2419
246114018,2420
246183131,2421
242014152,2422
247011450,2423
244057432,2424
241026039,2425
242057286,2426
244007088,2427
242077181,2428
246091191,2429
242079013,2430
242075406,2431
242064340,2432
245065066,2433
242083315,2434
241049483,2435
241134023,2436
245010299,2436
244074001,2438
242020193,2439
242084101,2440
242098051,2441
241058021,2442
246023134,2443
242036306,2444
246206124,2445
244035202,2446
244061073,2447
241014205,2448
242093401,2449
246121247,2450
242056306,2451
246150271,2452
241003720,2453
241110246,2454
242030046,2455
245056298,2456
247037151,2457
246103269,2458
244048171,2459
244033280,2460
244048236,2461
242054119,2462
246144162,2463
241134229,2464
245006346,2465
242007027,2466
246008208,2467
243003226,2468
241093082,2469
244062054,2470
245020023,2471
242019608,2472
246027471,2473
242017376,2474
245055081,2475
246159201,2476
244025384,2477
241125049,2478
246014016,2479
242065224,2480
246039148,2481
241042083,2482
247004054,2483
243022125,2484
247019442,2485
246176026,2486
244037250,2487
246063495,2488
242064203,2489
242101165,2490
247037184,2491
247029215,2492
244047002,2493
242089007,2494
242045091,2495
247051244,2496
247013095,2497
246108040,2498
246050111,2499
247042235,2500
243021752,2501
245014001,2502
243025349,2503
247009516,2504
242014196,2505
242072423,2506
241104314,2507
243004007,2508
245062211,2509
242093362,2510
245062287,2511
246120077,2512
245022259,2513
246158139,2514
242017044,2515
247050024,2516
246039329,2517
241128154,2518
245053148,2519
242086202,2520
243012215,2521
246158184,2522
243051055,2523
246055227,2524
241004399,2525
241021046,2526
244038195,2527
247018517,2528
246012179,2529
241008036,2530
245059086,2531
242061058,2532
246139056,2533
243049052,2534
241109416,2535
241109599,2536
242083371,2537
242005022,2538
245065438,2539
241113059,2540
241006071,2541
244038104,2542
246029552,2543
242012218,2544
243051022,2545
242033066,2546
242059078,2547
246084062,2548
245038179,2549
241047067,2550
246167436,2551
245052261,2552
243024137,2553
247009239,2554
246131116,2555
241081066,2556
247004303,2557
246040104,2558
243018146,2559
247008403,2560
241033078,2561
246159640,2562
245064124,2563
241115014,2564
246011012,2565
241137035,2566
247038051,2567
246051010,2568
244073055,2569
246084035,2570
242088358,2571
245059020,2572
242035255,2573
246020092,2574
246118169,2575
242045436,2576
242066145,2577
241133679,2578
246088438,2579
242101433,2580
245052213,2581
241115132,2582
241112285,2583
246006052,2584
241003371,2585
246119160,2586
245021098,2587
244028034,2588
242077272,2589
244027171,2590
245056185,2591
247024007,2592
245023270,2593
241107175,2594
241102358,2595
241023201,2596
242073194,2597
247032209,2598
243010083,2599
245032168,2600
247035116,2601
246008065,2602
241049475,2603
241106163,2604
245065388,2605
241138044,2606
242073087,2607
244002070,2608
241108109,2609
245025101,2610
245049194,2611
243050003,2612
245020075,2613
242064018,2614
245058072,2615
247003307,2616
244076012,2617
246096010,2618
247035512,2619
247030086,2620
246052381,2621
242063282,2622
247031044,2623
242082152,2624
247053024,2625
242057206,2626
247021128,2627
242097026,2628
247031055,2629
246172028,2630
245023067,2631
242031007,2632
246002061,2633
245004017,2634
245060178,2635
245002313,2636
242004348,2637
243018138,2638
241040006,2639
241068058,2640
246160146,2641
241110351,2642
246131164,2643
242062182,2644
241106056,2645
245058129,2646
246198014,2647
244071133,2648
246176058,2649
246205111,2650
244024076,2651
242019659,2652
244051082,2653
246120191,2654
246029173,2655
246149007,2656
247037066,2657
241015053,2658
242029260,2659
241028081,2660
241026179,2661
241135077,2662
245062392,2663
241087023,2664
247042009,2665
247006414,2666
243052569,2667
247010162,2668
241092114,2669
245058196,2670
246089165,2671
244042008,2672
242044044,2673
246004041,2674
242057307,2675
242042139,2676
247008441,2677
241112348,2678
241010070,2679
246186023,2680
245017165,2681
246158512,2682
241112252,2683
246161663,2684
246141031,2685
241133379,2686
241135169,2687
243052635,2688
241110212,2689
241138005,2690
242083224,2691
247036092,2692
242034400,2693
241103375,2694
242005423,2695
245050069,2696
243031317,2697
247006080,2698
244041322,2699
246123076,2700
242027195,2701
242025174,2702
242053015,2703
242009085,2704
241107038,2705
242046005,2706
242043268,2707
242011146,2708
244047061,2709
247032063,2710
244070034,2711
242044089,2712
247039179,2713
241038205,2714
241111025,2715
241054025,2716
246090034,2717
244054131,2718
242017093,2719
241110222,2720
242015022,2721
247036051,2722
241101236,2722
241108126,2724
242016250,2725
241142004,2726
242045001,2727
242009203,2728
246180102,2729
244067197,2730
246111267,2731
241109126,2732
244061004,2733
246149080,2734
245057201,2735
241083314,2736
247013041,2737
242013060,2738
244045289,2739
247042350,2740
246129018,2741
247020019,2742
242007026,2743
244053300,2744
243052298,2745
247052241,2746
247049086,2747
242053099,2748
242019325,2749
247004164,2750
244054227,2751
242008190,2752
245056160,2753
246039098,2754
247053057,2755
245062170,2756
246094088,2757
247004551,2758
242089028,2759
245058094,2760
243029005,2761
245065417,2762
245062254,2763
241087021,2764
242092056,2765
241135697,2766
247011423,2767
247021371,2768
246131181,2769
247010015,2770
246158110,2771
245051076,2772
244036497,2773
245059221,2774
245064370,2775
241051040,2776
242001131,2777
246143071,2778
241102006,2779
244040004,2780
245030360,2781
242101467,2782
242021042,2783
244045091,2784
245058096,2785
241135124,2786
244051022,2787
246150068,2788
247024005,2789
247008179,2790
244024367,2791
242083074,2792
245059154,2793
244036008,2794
247053261,2795
246052060,2796
247003237,2797
244053015,2798
246118198,2799
247049075,2800
245060215,2801
242081276,2802
246088151,2803
242083097,2804
244027222,2805
242001476,2806
246150089,2807
243052038,2808
246045002,2809
241135414,2810
244044071,2811
241156023,2812
244039085,2813
245065334,2814
245057164,2815
241103429,2816
245058145,2817
244058173,2818
245066139,2819
246154278,2820
242102029,2821
244037148,2822
246141117,2823
247039283,2824
243043114,2825
246156381,2826
244030214,2827
244043254,2828
242017166,2829
244066421,2830
245030390,2831
241041170,2832
247001003,2833
246157170,2834
246027387,2835
247033094,2836
247013070,2837
247045318,2838
241103082,2839
245066193,2840
242056341,2841
241116263,2842
242091160,2843
241149090,2844
246015094,2845
243049101,2846
242029262,2847
243021799,2848
244014104,2849
241110116,2850
246039206,2851
246153291,2852
241113109,2853
245007027,2854
246167271,2855
246037132,2856
242082043,2857
241077204,2858
247009542,2858
245063091,2860
241103050,2861
247050130,2862
245008158,2863
244053176,2864
247054071,2865
245057242,2866
246081255,2867
241103276,2868
244043057,2869
246039582,2870
245052200,2871
247022338,2872
242088066,2873
246093173,2874
246166185,2875
241003717,2876
241101307,2877
247022167,2878
241026180,2879
245062303,2880
242019516,2881
246163404,2882
246094043,2883
242086116,2884
244025130,2885
241068131,2886
242069125,2887
241088022,2888
242034386,2889
242088182,2890
247051031,2891
246149005,2892
241084076,2893
247017053,2894
244066496,2895
241057070,2896
242090065,2897
245056105,2898
246149425,2899
244014226,2900
246123217,2901
241132008,2902
245062344,2903
242019153,2904
241109562,2905
247046080,2906
241107028,2907
241101766,2908
242036245,2909
241110284,2910
242051049,2911
246017003,2912
244032078,2913
244060146,2914
247053276,2915
244046292,2916
241131083,2917
242005056,2918
242019434,2919
245026130,2920
246153156,2921
247022017,2922
246027459,2923
242077132,2924
241083104,2925
245058261,2926
247006117,2927
244043162,2928
246038047,2929
244051266,2930
241155073,2931
242001505,2932
241109624,2933
241082082,2934
246163482,2935
242103226,2936
242060331,2937
241150057,2938
242043235,2939
242076028,2940
242051095,2941
246149492,2942
241135319,2943
241139014,2944
245062461,2945
247016139,2946
244038194,2947
246040058,2948
245067002,2949
242077204,2950
243052349,2951
246131048,2952
245051061,2953
247049159,2954
241044186,2955
242065133,2956
245061046,2957
241086012,2958
246103175,2959
247010142,2960
242036039,2961
243025424,2962
245010029,2963
241044176,2964
241126002,2965
246143040,2966
241064411,2967
244046231,2968
246150347,2969
247013108,2970
246029171,2971
242072030,2972
241122037,2973
241102424,2974
244011060,2975
246023213,2976
245030351,2977
246006123,2978
242006122,2979
241055084,2980
241101563,2981
242097187,2982
245057086,2983
241124101,2984
247011511,2985
241058121,2986
242083223,2987
241108057,2988
247039326,2989
244023017,2990
247029182,2991
246093146,2992
247039240,2993
241126060,2994
245064495,2995
242056328,2996
242019267,2997
242014395,2998
244031111,2999
241032154,3000
242019472,3001
244043048,3002
246173052,3003
241135480,3004
247014006,3005
242030255,3006
241149091,3007
245065012,3008
246119015,3009
246096104,3010
242005150,3011
244043215,3012
241109157,3013
242075439,3014
244051197,3015
244054231,3016
247031136,3017
245058192,3018
246093142,3019
244033222,3020
243052123,3021
244039431,3022
241041134,3023
245031206,3024
247011133,3025
242052142,3026
241052287,3027
246119122,3028
242011105,3029
241111173,3030
246021102,3031
241088010,3032
241128139,3033
247034050,3034
245018304,3035
246032164,3036
245020079,3037
245065148,3038
245063087,3039
246049067,3040
241071345,3041
246205060,3042
242046130,3043
246158582,3044
242043265,3045
247053324,3046
246165026,3047
246025133,3048
245008110,3049
247010264,3050
246162092,3051
242093457,3052
241099057,3053
246149551,3054
241044047,3055
246032009,3056
246088297,3057
241083177,3058
241010062,3059
244025275,3060
247022122,3061
246041009,3062
246050041,3063
241008008,3064
241094303,3065
246040118,3066
242049254,3067
247046232,3068
242004104,3069
241085037,3070
246166020,3071
241027007,3072
241094108,3073
247029127,3074
245033150,3075
246158516,3076
245058013,3077
246163259,3078
244001097,3079
247002132,3080
244059099,3081
244001352,3082
241119011,3083
243015057,3084
243012129,3085
242035214,3086
242092142,3087
246027402,3088
246052149,3089
242013371,3090
242027058,3091
241082171,3092
247021588,3093
244036295,3094
247051022,3095
246019051,3096
246111231,3097
245005421,3098
245058088,3099
247051232,3100
247023113,3101
243050017,3102
242022326,3103
245060068,3104
241016166,3105
247042443,3106
246168120,3107
247051340,3108
242032358,3109
247009135,3110
245010300,3111
242023005,3112
243004124,3113
242093053,3114
244042134,3115
241157068,3116
244063178,3117
244078123,3118
246157032,3119
242053120,3120
241080325,3121
246096163,3122
242036027,3123
247039018,3124
247053291,3125
244001144,3126
242024121,3127
242045316,3128
244033076,3129
247041393,3130
241042161,3131
243010020,3132
246032158,3133
241069162,3134
244041284,3135
242053261,3136
244033251,3137
245023006,3138
247053425,3139
241133435,3140
247053432,3141
241108162,3142
244070022,3143
242013272,3144
246156634,3145
244055243,3146
245014084,3147
245029163,3148
246123071,3149
247016058,3150
246135028,3151
246039695,3152
243026031,3153
247024372,3154
245070044,3155
246095021,3156
246085044,3157
243011217,3158
245005319,3159
241125124,3160
245064399,3161
246134062,3162
247021358,3163
242057159,3164
247013167,3165
246171129,3166
246044110,3167
241116342,3168
247039004,3169
245058429,3170
242081279,3171
246035279,3172
245065312,3173
247051506,3174
246094192,3175
242059338,3176
245062030,3177
246009065,3178
244026169,3179
242029095,3180
242097179,3181
246127020,3182
245007234,3183
242089153,3184
241080259,3185
246162504,3186
242014421,3187
247040053,3188
246053368,3189
241154014,3190
246088288,3191
244021392,3192
242050172,3193
241080233,3194
246126039,3195
246138030,3196
245066105,3197
242027155,3198
246161086,3199
242015083,3200
242025026,3201
244036367,3202
244025162,3203
243025124,3204
244014301,3205
242025349,3206
247022225,3207
242043193,3208
241051002,3209
244009082,3210
247027115,3211
241133717,3212
242025044,3213
241110062,3214
245056116,3215
242014021,3216
243052061,3217
242087059,3218
245057282,3219
244066440,3220
245058246,3221
245065307,3222
244012140,3223
242031008,3224
244077107,3225
246053342,3226
246053263,3227
247039077,3228
242064382,3229
244040021,3230
241004036,3231
245010416,3232
247024389,3233
247051198,3234
244039234,3235
242062274,3236
244015370,3237
247035151,3238
242060366,3239
246028014,3240
247022346,3241
245032115,3242
246065138,3243
247003138,3244
247011037,3245
242008044,3246
245044034,3247
242077040,3248
241058147,3249
243011186,3250
242084114,3251
243052157,3252
244032121,3253
244040138,3254
246115063,3255
245066196,3256
245024191,3257
246018112,3258
247039343,3259
242045377,3260
243007129,3261
247004193,3262
241109405,3263
247046156,3264
242075496,3265
244022164,3266
242018210,3267
246039214,3268
247010004,3269
246021167,3270
246178012,3271
246039139,3272
246039629,3273
242053270,3274
247052359,3275
245065356,3276
242001294,3277
242058093,3278
245006237,3279
241078118,3280
245063126,3281
244012026,3282
247044104,3283
247023246,3284
241069150,3285
246167150,3286
245004060,3287
243052127,3288
241106147,3289
245020167,3290
247042716,3291
241061161,3292
247010059,3293
242040167,3294
244015680,3295
241118083,3296
245064114,3297
241074036,3298
246039335,3299
241101084,3300
245063102,3301
241134240,3302
241043295,3303
242006135,3304
247004124,3305
243010092,3306
246163402,3307
246133048,3308
242012274,3309
243030057,3310
245054220,3311
245065281,3312
242103119,3313
241113150,3314
246139107,3315
246111219,3316
242058262,3317
245023359,3318
246135241,3319
242058376,3320
246049280,3321
246101359,3322
246029125,3323
242102273,3324
241112153,3325
241101703,3326
244002222,3327
244020398,3328
243024282,3329
246158004,3330
244054023,3331
245017040,3332
241134067,3333
242086169,3334
246038014,3335
246063248,3336
247021689,3337
243040172,3338
245056004,3339
241049139,3340
244025141,3341
247043398,3342
241107128,3343
243038018,3344
242081096,3345
246088724,3346
241039016,3347
246035017,3348
242090023,3349
241017125,3350
247053279,3351
243052316,3352
242007134,3353
243025234,3354
244036450,3355
241127005,3356
247053041,3357
241110077,3358
247018301,3359
246158082,3360
244019097,3361
245030323,3362
244067373,3363
242021219,3364
244054294,3365
245027427,3366
242075530,3367
241135178,3368
241089086,3369
245056175,3370
242059031,3371
244033384,3372
247006019,3373
247045004,3374
246129263,3375
245058243,3376
246101680,3377
241127134,3378
247004405,3379
246158246,3380
241082344,3381
242098142,3382
241135679,3383
246093130,3384
242065119,3385
246096182,3386
247041188,3387
246088129,3388
243036177,3389
242062257,3390
241108236,3391
241153028,3392
247034026,3393
246042164,3394
242045056,3395
243052325,3396
247010079,3397
241133350,3398
246022063,3399
246029034,3400
244029007,3401
242060419,3402
242066129,3403
242001457,3404
247018680,3405
245063278,3406
243052385,3407
242103066,3408
242009110,3409
246054045,3410
242084192,3411
243025370,3412
241105162,3413
242035256,3414
245016022,3415
241089035,3416
246040132,3417
241109410,3418
247037219,3419
246157105,3420
241101117,3421
241111144,3422
246149014,3423
247035273,3424
247012052,3425
245014027,3426
245064346,3427
242005331,3428
241023303,3429
246035039,3430
246012068,3431
241144168,3432
245064186,3433
244041202,3434
241134406,3435
242055296,3436
247001114,3437
245062089,3438
244033218,3439
246191011,3440
241109588,3441
247010109,3442
244015168,3443
241056132,3444
243015128,3445
245024424,3446
241112282,3447
246121231,3448
246126095,3449
247022085,3450
241115087,3451
247022197,3452
241078075,3453
241049510,3454
241048113,3455
243020016,3456
245039273,3457
245020051,3458
245020118,3459
245028067,3460
247051147,3461
246027059,3462
241068136,3462
241083445,3464
242070010,3465
246172138,3466
244006130,3467
245065330,3468
241079046,3469
241109493,3470
242098016,3471
244007078,3472
247016109,3473
246157248,3474
246039550,3475
245032065,3476
241116201,3477
247054180,3478
244002263,3479
244001236,3480
241116080,3481
247008421,3482
242082103,3483
243004120,3484
241134022,3485
241003817,3486
244056091,3487
247035417,3488
245057216,3489
241083342,3490
244053214,3491
244055058,3492
242034397,3493
242040296,3494
241128051,3495
246131045,3496
246149123,3497
243035224,3498
246157464,3499
247003006,3500
246112175,3501
245054194,3502
247032214,3503
242002101,3504
246035264,3505
244056121,3506
241154033,3507
242096014,3508
244019086,3509
242040274,3510
247041078,3511
246091459,3512
245020035,3513
245058372,3514
247019446,3515
246052263,3516
246024159,3517
241156051,3518
245025106,3519
245004096,3520
246055066,3521
245021059,3522
246039658,3523
245066337,3524
246011065,3525
246011112,3526
246020012,3527
242102096,3528
246155055,3529
246053302,3530
246052474,3531
241056074,3532
247021089,3533
244025284,3534
241007117,3535
242049391,3536
242004229,3537
241106177,3538
242090053,3539
245024106,3540
242045368,3541
244035190,3542
243043107,3543
241109118,3544
243034031,3545
246159190,3546
246014014,3547
242018332,3548
241092126,3549
241103132,3550
247012006,3551
244009301,3552
246119271,3553
242002217,3554
247051696,3555
241052132,3556
246157361,3557
243022199,3558
242020143,3559
242033235,3560
246149512,3561
241043287,3562
244074177,3563
242024269,3564
242004444,3565
242085154,3565
246042035,3567
246011029,3568
241136076,3569
247035335,3570
242019404,3571
244010110,3572
246056026,3573
242031120,3574
241053373,3575
244070142,3576
247024160,3577
242048213,3578
246039266,3579
242064195,3580
242061190,3581
247003434,3582
247037067,3583
247041026,3584
242004270,3585
242018077,3586
242049160,3587
247029099,3588
245020350,3589
242017236,3590
244041208,3591
243020092,3592
245020014,3593
242073409,3594
247009186,3595
243052395,3596
243030173,3597
242098060,3598
247015040,3599
243038017,3600
241140079,3601
247039070,3602
247051125,3603
243019103,3604
244034085,3605
247049021,3606
247043377,3607
243052497,3608
242026093,3609
244034123,3610
246121159,3611
244046102,3612
244050058,3613
241144010,3614
246049035,3615
246139195,3616
246088590,3617
245005472,3618
246052384,3619
245039403,3620
246091031,3621
243039069,3622
247035448,3623
247018614,3624
247051670,3625
247051618,3626
241020218,3627
241014086,3628
241110434,3629
246017075,3630
241112077,3631
244041251,3632
242088034,3633
242003137,3634
246107199,3635
247039420,3636
241001064,3637
244025191,3638
244002051,3639
242030381,3640
245005399,3641
242102092,3642
241085042,3643
241077043,3644
242057213,3645
241018058,3646
247041410,3647
245005452,3648
241049113,3649
246177070,3650
247003034,3651
241033125,3652
245057073,3653
244002213,3654
246108033,3655
242083065,3656
246057069,3657
242013295,3658
242008037,3659
245064103,3660
246084092,3661
244046065,3662
246119381,3663
241004418,3664
244046160,3665
242080152,3666
246093296,3667
242024055,3668
246088276,3669
241023030,3670
244021340,3671
242073442,3672
242040172,3673
245065178,3674
241053425,3675
244052188,3676
241130102,3677
242041258,3678
246129292,3679
246074069,3680
241005006,3681
244038111,3682
245009181,3683
241133032,3684
246162675,3685
246156686,3686
247038179,3687
247041127,3688
242011193,3689
246120140,3690
246138041,3691
245010378,3692
246160001,3693
241104309,3694
246049123,3695
241133263,3696
242019411,3697
242017092,3698
241041067,3699
244048093,3700
247053123,3701
242070217,3702
241007005,3703
242035257,3704
243024378,3705
241104407,3706
244036146,3707
244078120,3708
246029290,3709
247042404,3710
242060230,3711
244059132,3712
247042689,3713
247040063,3714
244030039,3715
246158069,3716
242054166,3717
247031003,3718
247017154,3719
246141049,3720
242087033,3721
246161503,3722
242076093,3723
241111033,3724
246002076,3725
246029380,3726
241129044,3727
244053246,3728
245022367,3729
245070140,3730
247010312,3731
243016033,3732
244043166,3733
245067017,3734
246141182,3735
246157257,3736
243038085,3737
247009082,3738
241023249,3739
246185036,3740
241101554,3741
242035119,3742
247035644,3743
246129120,3744
241136046,3745
246139145,3746
247021554,3747
245011047,3748
242006190,3749
241087147,3750
247004511,3751
244028037,3752
247021361,3753
244005192,3754
243011057,3755
245062213,3756
241113133,3757
242061010,3758
246107104,3759
246040164,3760
245066146,3761
244041453,3762
245066268,3763
243015019,3764
246089015,3765
247003166,3766
247008331,3767
242005379,3768
247039196,3769
245060139,3770
242096086,3771
247046272,3772
242018011,3773
241117016,3774
247042384,3775
245006380,3776
247004096,3777
247051292,3778
246039240,3779
243003209,3780
241095006,3781
241053067,3782
242054234,3783
241128101,3784
247008022,3785
241134347,3786
241023272,3787
244051130,3788
246124007,3789
242061143,3790
241134304,3791
247053391,3792
242011061,3793
244037089,3794
244021066,3795
245006050,3796
243052536,3797
242004200,3798
241050223,3799
247010111,3800
242001384,3801
242049209,3802
242022199,3803
245060164,3804
246119420,3805
246196267,3806
246131056,3807
241114009,3808
244038203,3809
246148140,3810
244021218,3811
242081369,3812
244006099,3813
247053204,3814
244078063,3815
246082128,3816
242067147,3817
247052045,3818
242048168,3819
246198063,3820
245018330,3821
242073047,3822
247018077,3822
245063291,3824
245024208,3825
247044159,3826
243023153,3827
247007130,3828
241135485,3829
247053190,3830
245066439,3831
242075233,3832
247041338,3833
243010069,3834
246160160,3835
242031124,3836
246027372,3837
241102064,3838
247017103,3839
244009062,3840
244012076,3841
241102225,3842
244036434,3843
246041161,3844
244039271,3845
244046246,3846
244078027,3847
245019025,3848
244038223,3849
243002168,3850
243042128,3851
242006078,3852
247041225,3853
246157630,3854
241080180,3855
243031123,3856
247004263,3857
242015275,3858
244043427,3859
245003022,3860
242093014,3861
246140089,3862
246018068,3863
245039405,3864
242042271,3865
247052233,3866
246202202,3867
246053102,3868
246176034,3869
246014052,3870
242015321,3871
243032162,3872
246011075,3873
247010119,3874
246036117,3875
242098196,3876
246063437,3877
246174086,3878
246193095,3879
247051446,3880
247022187,3881
245006174,3882
245054146,3883
242103199,3884
246148098,3885
247041202,3886
244070090,3887
244074160,3888
246089176,3889
243035043,3890
242014393,3891
241104476,3892
246012053,3893
241133372,3894
247018256,3895
246141396,3896
246148071,3897
246141353,3898
241003028,3899
247017095,3900
242083304,3901
241135209,3902
241119040,3903
241007183,3904
246134108,3905
242015325,3906
242081133,3907
242021044,3908
247047007,3909
247022411,3910
243053030,3911
241080084,3912
247038275,3913
241106130,3914
247041267,3915
242069293,3916
242080106,3917
242052051,3918
241088045,3919
241049265,3920
247029194,3921
244041285,3922
241135654,3923
241094105,3924
247051082,3925
244037401,3926
242084140,3927
244008200,3928
242025293,3929
247021092,3930
247050035,3930
244053334,3932
246125100,3933
244069081,3934
247014058,3935
246147012,3936
243052195,3937
242064122,3938
246118111,3939
244001072,3940
241129004,3941
246012197,3942
246153363,3943
247048045,3944
244036487,3945
246104126,3946
247045292,3947
247053017,3948
246052091,3949
247051386,3950
247053284,3951
244041193,3952
241109586,3953
241111070,3954
242080113,3955
242083114,3956
246008200,3957
244032006,3958
241135192,3959
246161322,3960
241017035,3961
242060010,3962
241068159,3963
242083043,3964
244073177,3965
242078166,3966
244016217,3967
245010382,3968
242004050,3969
241109569,3970
246112060,3971
241135435,3972
241134005,3973
243052489,3974
244027164,3975
246109236,3976
244075030,3977
246154362,3978
245065035,3979
247013111,3980
246197065,3981
247045160,3982
243039009,3983
246007079,3984
242052099,3985
242060002,3986
242072404,3987
244047205,3988
245024077,3989
247009440,3990
242026021,3991
244022111,3992
242058295,3993
245070134,3994
242026066,3995
241102385,3996
242043493,3997
243025080,3998
247006285,3998
246091628,4000
241033024,4001
243035283,4002
244022101,4003
245058251,4004
246160096,4005
246160612,4006
241100027,4007
247019443,4008
243013047,4009
247039287,4010
241084169,4011
243052483,4012
246098035,4013
245038440,4014
246119118,4015
247012197,4016
246039821,4017
241053469,4018
246119055,4019
247039368,4020
246139217,4021
247043140,4022
242089051,4023
246203013,4024
245024225,4025
245020297,4026
245008268,4027
245067018,4028
246133139,4029
242074190,4030
245049213,4031
241134030,4032
246162054,4033
247019095,4034
243025111,4035
245065128,4036
246022149,4037
246144177,4038
245062326,4039
245008189,4040
241138009,4041
246119050,4042
241110257,4043
241115102,4044
242019676,4045
242014141,4046
242065186,4047
242083123,4048
241102084,4049
241053340,4050
247039199,4051
247046011,4052
245068193,4053
246142064,4054
246175056,4055
246119199,4056
245062150,4057
243040325,4058
246006009,4059
242081407,4060
242015140,4061
247033172,4062
246161330,4063
245008223,4064
241107095,4065
241069344,4066
244066211,4067
247003516,4068
246072042,4069
241135355,4070
242005049,4071
247047092,4072
247003394,4073
245006063,4074
241044066,4075
246131120,4076
245064467,4077
246084060,4078
241105005,4079
241109122,4080
242060012,4081
245007129,4082
241102327,4083
242051142,4084
244051205,4085
244075033,4086
247037174,4087
245056319,4088
245065364,4089
244029133,4090
246151017,4091
244039007,4092
242056354,4093
247041022,4094
244040169,4095
242081073,4096
242083308,4097
247042762,4098
243052459,4099
246164037,4100
241088014,4101
242025205,4102
241024010,4103
247042637,4104
246156547,4105
241112021,4106
242102194,4107
244045322,4108
242013173,4109
245060196,4110
244068165,4111
242064343,4112
241050115,4113
247053311,4114
242082353,4115
241133158,4116
247023060,4117
246139185,4117
242033088,4119
244027120,4120
241044187,4121
242083459,4122
244037347,4123
244065164,4124
241013115,4125
247011448,4125
241080309,4127
243053126,4128
244005091,4129
244045089,4130
246181081,4131
246153349,4132
241153206,4133
244044109,4134
246072148,4135
244054147,4136
245009298,4137
247018471,4138
245021087,4139
244052297,4140
247010170,4141
241087076,4142
245065245,4143
244020426,4144
242093253,4145
241109577,4146
247019471,4147
242073099,4148
242096065,4149
242059212,4150
242014213,4151
242043513,4152
245029120,4153
243016412,4154
243052033,4155
244058072,4156
246088184,4157
245053099,4158
242036353,4159
242075622,4160
245058298,4161
247010295,4162
247051651,4163
241071265,4164
244004212,4165
245059200,4166
246162474,4167
245037078,4168
243049003,4169
246023008,4170
245062127,4171
246123010,4172
246091480,4173
246048410,4174
246159221,4175
246015006,4176
241135458,4177
241101811,4178
242013054,4179
244065533,4180
241114051,4181
245038059,4182
246023104,4183
245053044,4184
246123171,4185
246158137,4186
245038317,4187
246129196,4188
247021543,4189
246029423,4190
245063440,4191
241103089,4192
244041158,4193
247011039,4194
246029356,4195
246141099,4196
241155003,4197
245006463,4198
242011065,4199
242074123,4200
241013102,4201
247006106,4202
246155039,4203
246155131,4204
246122051,4205
245058345,4206
241109532,4207
246028125,4208
241055025,4209
247009233,4210
244025215,4211
243021326,4212
241134234,4213
245027018,4214
247006407,4215
246050021,4216
241139018,4217
246111045,4218
247020045,4219
244050124,4220
246153008,4221
244013032,4222
242056365,4223
241103285,4224
246183102,4225
242050338,4226
246089067,4227
245034062,4228
242073283,4229
243022161,4230
244035078,4231
244012087,4232
241132037,4233
241088027,4234
242047168,4235
246160353,4236
245059045,4237
246119035,4238
246140161,4239
245065280,4240
241006161,4241
246158538,4242
241149097,4243
242004317,4244
241103332,4245
247008228,4246
246135026,4247
247006283,4248
241049564,4249
241014048,4250
246149388,4251
241021017,4252
247004563,4253
241101491,4254
241114112,4255
243013054,4256
247021168,4257
246011022,4258
246129068,4259
246028062,4260
242084147,4261
244053108,4262
242093419,4263
241104252,4264
242056461,4265
247026098,4266
242015278,4267
247003417,4268
247032021,4269
244066066,4270
243036136,4271
241109550,4272
242049278,4272
241135541,4274
244042060,4275
245026018,4276
241070089,4277
242001258,4278
247021714,4279
247003446,4280
244038059,4281
243035200,4282
246141275,4283
241111134,4284
244037211,4285
242014381,4286
245032020,4287
242041270,4288
241137249,4289
244033027,4290
247045064,4291
246121013,4292
246191033,4293
244039314,4294
247033112,4295
241014173,4296
246107180,4297
246118119,4297
247023222,4299
242019085,4300
246163431,4301
246019067,4302
246130052,4303
246117058,4304
244060194,4305
244049105,4306
247007078,4307
245018185,4308
245020231,4309
246175194,4310
242011038,4311
242042178,4312
244051035,4313
242073190,4314
247017013,4315
244070104,4316
244031204,4317
247025180,4318
241111198,4319
245063266,4320
242034329,4321
245064194,4322
247018648,4323
246123101,4324
241023086,4325
241104204,4326
243004031,4327
242036054,4328
241102026,4329
243052250,4330
246171296,4331
242019519,4332
241049326,4333
244036023,4334
243019086,4335
242043502,4336
241135125,4337
246164093,4338
246109198,4339
246057086,4340
245064304,4341
246159559,4342
242019538,4343
242008172,4344
245010463,4345
247052029,4346
246160521,4347
241003670,4348
242051292,4349
246125034,4350
243007114,4351
244024203,4352
245062237,4353
242066233,4354
242097120,4355
242074236,4356
243052359,4357
246163315,4358
246063123,4359
245056042,4360
241101386,4361
246196046,4362
241111090,4363
245067117,4364
241146092,4365
244001321,4366
242054310,4367
242080070,4368
243035253,4369
242016104,4370
241109149,4371
247044237,4372
244055239,4373
247010266,4374
246037120,4375
247042015,4376
242022225,4377
242043421,4378
246053517,4379
244065378,4380
241075058,4381
244058171,4382
243024200,4383
247054137,4384
241111096,4385
245028009,4386
241134346,4387
243002183,4388
247052364,4389
245058213,4390
242024058,4391
247033176,4392
244065064,4393
243052278,4394
245058284,4395
246049148,4396
247003339,4397
242036361,4398
246156694,4398
245022091,4400
242079090,4401
247022402,4402
242054091,4403
241043006,4404
244020349,4405
242060201,4406
242015311,4407
246028225,4408
243052428,4409
241041199,4410
244010368,4411
242045039,4412
247044149,4413
242065263,4414
241135684,4415
242040216,4416
241112043,4417
245059162,4418
242018337,4419
242082174,4420
245062535,4421
244016057,4422
244033232,4423
246102011,4424
246029146,4425
247041111,4426
241110088,4427
244056080,4428
241110247,4429
245068140,4430
243003029,4431
244036344,4432
243015107,4433
245059258,4434
244036069,4435
246156528,4436
247045083,4437
244033144,4438
241081003,4439
244055229,4440
241142010,4441
247037076,4442
245060064,4443
246088680,4444
242021179,4445
246143116,4446
242042152,4446
245023185,4448
245024323,4448
246160376,4450
246118189,4451
242070193,4452
247021669,4453
242032384,4454
247006277,4455
242063081,4456
241083228,4457
242077107,4458
244043152,4459
241051083,4460
242059387,4461
242086165,4462
242069024,4463
243020582,4464
246156446,4465
243038001,4466
245064302,4467
247042098,4468
243031063,4469
246112249,4470
241106157,4471
245064246,4472
241003361,4473
247043054,4474
241106062,4475
245065392,4476
241093102,4477
246007006,4478
242008153,4479
241116131,4480
241109661,4481
241129061,4482
241127183,4483
246019043,4484
241109276,4485
241112421,4486
245015192,4487
245063298,4488
245063540,4489
247004535,4490
246159132,4491
246053094,4492
241071224,4493
247044009,4494
247021273,4495
242001518,4496
244044008,4497
244065463,4498
246119128,4499
241044056,4500
244001439,4501
244040224,4502
242033248,4503
245007413,4504
246036057,4505
245033126,4506
241112298,4507
242070158,4508
246151146,4509
246202296,4510
244015305,4511
241087019,4512
247023245,4513
242014215,4514
241109008,4515
245058434,4516
242072503,4517
246160686,4518
242075077,4519
242071126,4520
241109481,4521
246141063,4522
247035056,4523
241048052,4524
245029436,4525
247013012,4526
246094097,4527
244042027,4528
242076189,4529
245059235,4530
245040165,4531
241050039,4532
241100023,4533
241119008,4534
245049237,4535
245066165,4536
246118080,4537
241133538,4538
244014262,4539
245009353,4540
246156048,4541
242044058,4542
244007083,4543
242067025,4544
242067187,4545
244033319,4546
247052223,4547
241043150,4548
247038233,4549
242088261,4550
241102184,4551
246117059,4552
245005516,4553
246083085,4554
241151044,4555
241042148,4556
246008170,4557
246187076,4558
245062283,4559
244009092,4560
246156135,4561
244048394,4562
247052111,4563
243003190,4564
247052017,4565
245064441,4566
244008151,4567
241109132,4568
241033088,4569
244025122,4570
246093302,4571
245010046,4572
242059137,4573
244079109,4574
245060113,4575
246167104,4576
242064140,4577
246158672,4578
244008033,4579
242007181,4580
246155124,4581
243031208,4582
247041330,4583
242078026,4584
244050044,4585
242023119,4586
247051523,4587
242040025,4588
247052227,4589
247022429,4590
242021123,4591
242036317,4592
245027551,4593
242019390,4594
242060185,4595
242087190,4596
242059369,4597
247004371,4598
244038238,4599
245024491,4600
241070215,4601
246103266,4602
242072334,4603
241138034,4604
242053080,4605
245062536,4606
246160208,4607
244068217,4608
243007018,4609
247019030,4610
247025212,4611
246025016,4612
246160393,4613
247039140,4614
241153127,4615
245052267,4616
246160506,4617
242068061,4618
242081209,4619
242018371,4620
241082035,4621
245014155,4622
244039205,4623
241144158,4624
246119191,4625
245062462,4626
241069358,4627
241130115,4628
247006441,4629
242036091,4630
246053569,4631
242020314,4632
246161051,4633
246134042,4634
247043127,4635
246009075,4636
241143036,4637
241065062,4638
247054209,4639
241030083,4640
241095166,4641
242012077,4642
242062037,4643
241033055,4644
241083451,4645
247024396,4646
244030107,4647
247032074,4648
246135006,4649
241128120,4650
245058015,4651
246008192,4652
244046011,4653
243007071,4654
242046099,4655
242057354,4656
246003127,4657
246175160,4658
241120041,4659
247044061,4660
245058319,4661
244054126,4662
242088266,4663
242014473,4664
244040316,4665
243047005,4666
246135011,4667
245050093,4668
247012117,4669
244057499,4670
245059056,4671
247054216,4672
245026138,4673
244043417,4674
241135596,4675
245066103,4676
246136060,4677
244039308,4678
241101226,4679
241109110,4680
241135045,4681
245032153,4682
246029247,4683
241134382,4684
241134459,4685
242003058,4686
246043026,4687
242007064,4688
241082089,4689
245031204,4690
246173005,4691
244010293,4692
247017016,4693
242007071,4694
247045265,4695
241155084,4696
241147048,4697
243020390,4698
242001203,4699
245060088,4700
242053125,4701
247041401,4702
246124060,4703
242006150,4704
243052168,4705
241097025,4706
243035029,4707
241136157,4708
241116394,4709
247019288,4710
245044162,4711
243021873,4712
246195024,4713
243053117,4714
246109356,4715
246029255,4716
242035033,4717
243023144,4718
242086279,4719
241104286,4720
247038288,4721
243013197,4722
242043087,4723
245067124,4724
245060063,4725
245023380,4726
242093355,4727
243032048,4728
244037397,4729
244020168,4730
242025068,4731
241003751,4732
247014044,4733
242087008,4734
247051329,4735
241149037,4736
241137054,4737
241002053,4738
241110054,4739
244035040,4740
244025112,4741
247044034,4742
247030025,4743
247033014,4744
244020225,4745
246120110,4746
247009127,4747
246189010,4748
242084011,4749
247019465,4750
243052621,4751
244048336,4752
241092103,4753
242043294,4754
244053167,4755
247053009,4756
247022244,4757
241085022,4758
242079177,4759
241020122,4760
244071095,4761
244050163,4762
244053143,4763
243002080,4764
243036085,4765
242079084,4766
246203059,4767
241130034,4768
245058458,4769
247035058,4770
241044216,4771
246052440,4772
247053389,4773
243004135,4774
244073199,4775
241109482,4776
242059317,4777
247004421,4778
246044023,4779
246028026,4780
241136206,4781
243043042,4782
246160172,4783
241081061,4784
245058248,4785
246029545,4786
245058427,4787
244038135,4788
245070039,4789
246145005,4790
241144052,4791
247051269,4792
241040012,4793
245063379,4794
242020291,4795
246086085,4796
244053189,4797
246157598,4798
246001093,4799
246181146,4800
246157480,4801
246039545,4802
242083446,4803
246188029,4804
242018029,4805
242010059,4806
241050147,4807
242034420,4808
247009153,4809
247051245,4810
245053118,4811
247046088,4812
243024228,4813
247051145,4814
244008017,4815
246184017,4816
244059109,4817
241104568,4818
243040263,4819
246141315,4820
246090341,4821
242036204,4822
246129188,4823
245021045,4824
245009191,4825
245029251,4826
243049037,4827
242061050,4828
243010112,4829
243009025,4830
247039438,4831
241133122,4832
241017223,4833
242041005,4834
246081289,4835
245057095,4836
241155021,4837
245063033,4838
242054189,4839
242041252,4840
247005099,4841
245056331,4842
247035205,4843
242004087,4844
245062516,4845
246196241,4846
247051290,4847
246088487,4848
243028181,4849
245038124,4850
246171039,4851
241155025,4852
246129307,4853
246110015,4854
242074158,4855
241138205,4856
245002320,4857
241135300,4858
245005100,4859
242082057,4860
246128113,4861
245005366,4862
243030040,4863
246151007,4864
247022025,4865
246173065,4866
246202314,4867
241071086,4868
241068178,4869
245023401,4870
246153087,4871
243021038,4872
246091502,4873
245054092,4874
247039010,4875
247043048,4876
241042241,4877
246014112,4878
247031036,4879
246183153,4880
241004136,4881
242070111,4882
241023180,4883
246051055,4884
245052161,4885
245058304,4886
245070034,4887
244039238,4888
244054067,4889
242001231,4890
241155082,4891
241106009,4892
245064330,4893
245050193,4894
241108101,4895
242047100,4896
247034043,4897
241115019,4898
247020042,4899
245030067,4900
246029366,4901
241109234,4902
247017085,4903
247050087,4904
246163284,4905
246139223,4906
244053087,4907
245034077,4908
242033285,4909
246044106,4910
242045434,4911
245038227,4912
247053155,4913
241116416,4914
244009286,4915
247045104,4916
246053353,4917
245059043,4918
246094103,4919
246171190,4920
242001226,4921
241058102,4922
246192161,4923
247029160,4924
247032123,4925
246048126,4926
245065448,4927
242031047,4928
241016158,4929
247051689,4930
244015186,4931
245034119,4932
245065217,4933
242041182,4934
241153229,4935
244068040,4936
243002268,4937
242067166,4938
247051172,4939
244033159,4940
244063148,4941
246156542,4942
244057247,4943
242047178,4944
244039078,4945
247020123,4946
242010166,4947
242009263,4948
242016249,4949
244020388,4950
244078066,4951
246048207,4952
242012083,4953
242073275,4954
242086014,4955
246013067,4956
242058213,4957
245023338,4958
243031081,4959
247017024,4960
246136061,4961
244044208,4962
245065201,4963
242051115,4964
242014250,4965
245020366,4966
245064245,4967
246020059,4968
241004082,4969
241003400,4970
246032071,4971
241082069,4972
241003168,4973
241133193,4974
246156192,4975
246175008,4976
245060137,4977
245059095,4978
247006103,4979
243003108,4980
246102034,4981
242003313,4982
245028111,4983
241109397,4984
245059007,4985
246202331,4986
244045003,4987
246005106,4988
242076153,4989
246039449,4990
246091297,4991
242005192,4992
244040066,4993
247032181,4994
241083288,4995
246157135,4996
246195034,4997
247043359,4998
242088281,4999
242022150,5000
244075092,5001
246202412,5002
246157055,5003
247019487,5004
241135375,5005
246166086,5006
246109104,5007
247052270,5008
241121020,5009
245058346,5010
241007192,5011
244030208,5012
245061005,5013
244025310,5014
241096076,5015
246198075,5016
247043293,5017
246171304,5018
244039047,5019
244057489,5020
246162600,5021
241133393,5021
242101367,5023
242022042,5024
247024397,5025
242032266,5026
244039237,5027
246150219,5028
241048018,5029
244070007,5030
243052371,5031
247014012,5032
245053002,5033
242097160,5034
245041008,5035
243052146,5036
245058186,5037
242098254,5038
242030198,5039
246023123,5040
243016274,5041
247015023,5042
247012090,5043
245008140,5044
242093423,5045
243024198,5046
245008263,5047
244041159,5048
246035062,5049
247042366,5050
243032067,5051
246040154,5052
244044171,5053
241109570,5054
245065190,5055
246159644,5056
244055075,5057
242036391,5058
246053491,5059
242007185,5060
247006186,5061
246193103,5062
245016064,5063
246173090,5064
241105073,5065
246005085,5066
247051103,5067
247024346,5068
247042678,5069
245067021,5070
241035047,5071
244036314,5072
241134045,5073
245062098,5074
246198003,5075
243052321,5076
246036061,5077
247042103,5078
245022222,5079
247038095,5080
241109590,5081
246021197,5082
247006240,5083
246118204,5084
245052355,5085
246029168,5086
241055083,5087
244053219,5088
244031234,5089
247041367,5090
243034039,5091
242067044,5092
246035102,5093
243026067,5094
245022382,5095
241137063,5096
247029142,5097
245058255,5098
242097180,5099
245058128,5100
247049164,5101
247013221,5102
246029237,5103
244044183,5103
244065489,5105
247004360,5106
247049101,5107
242031134,5108
245022256,5109
247025224,5110
245057247,5111
241098062,5112
246156685,5113
246153096,5114
244015421,5115
245022243,5116
246028149,5117
246117015,5118
242025440,5119
247052334,5120
245024155,5121
246119164,5121
247047067,5121
246160249,5124
247006280,5125
244025379,5126
241053500,5127
243031066,5128
244069108,5129
247052184,5130
245059022,5131
242065109,5132
244036217,5133
244030164,5134
244077115,5135
247002054,5136
245065483,5137
244037082,5138
247051053,5139
247017036,5140
247018307,5141
245040071,5142
247016174,5143
242019458,5144
247035308,5145
241036043,5146
246125017,5147
243052640,5148
245064481,5149
241083198,5150
241101048,5151
246159186,5152
245044058,5153
245022354,5154
246167151,5155
246091617,5156
242046111,5157
245009163,5158
246138102,5159
246001165,5160
243052631,5161
246105386,5162
242018142,5163
243012191,5164
241003034,5165
246194038,5166
245049241,5167
241003139,5168
244035096,5168
241133057,5170
243008066,5171
246067037,5172
247053166,5173
245065497,5174
244009327,5175
242089149,5176
245052178,5177
246144234,5178
241053039,5179
245063532,5180
245013152,5181
242073489,5182
246142071,5183
243052052,5184
242018254,5185
245066322,5186
246053281,5187
246151167,5188
244046279,5189
243021041,5190
247032197,5191
244071004,5192
242074072,5193
241102425,5194
245065311,5195
246036094,5196
242033331,5197
247026026,5198
247035225,5199
242099020,5200
242034165,5201
245062234,5202
242102031,5203
247032157,5204
246049279,5205
241128020,5206
246158380,5207
244035034,5208
246011047,5209
246053375,5210
242055048,5211
247021658,5212
241113083,5213
242067089,5214
247046338,5215
242059262,5216
242043063,5217
244079078,5218
242098089,5219
243012166,5220
241128208,5221
241039156,5222
246040135,5223
245018305,5224
244024025,5225
246118072,5226
241109508,5227
241114036,5228
244046047,5229
246088169,5230
247052103,5231
246150119,5231
244061149,5233
246058024,5234
241082137,5235
242072502,5236
246035163,5237
247043014,5238
244066095,5239
247053246,5240
243006041,5241
244014135,5242
244016033,5243
241094182,5244
247011046,5245
247048055,5246
242059044,5247
243010096,5248
244028072,5249
241114206,5250
246120081,5251
242069109,5252
246168134,5253
245038363,5254
247021613,5255
246172282,5256
246157606,5257
247041236,5258
246139172,5259
247049072,5260
247052011,5261
241094115,5262
246156442,5263
242014255,5264
247020004,5265
242072165,5266
242083245,5267
241111098,5268
246177029,5269
241127115,5270
241020150,5271
241110400,5272
242050026,5273
243015063,5274
246156142,5275
245060030,5276
244002125,5277
242082116,5278
245029438,5279
246028220,5280
242072504,5281
246052330,5282
245054239,5283
241083171,5284
247051666,5285
241155079,5286
244001299,5287
245067144,5288
246049051,5289
247011288,5290
244020196,5291
243035110,5292
247031042,5293
244066376,5294
246159052,5295
242051409,5296
247004160,5297
243004234,5298
245039329,5299
241091035,5300
244056079,5301
243052239,5302
245057160,5303
246187011,5304
244021286,5305
247023188,5306
247026122,5307
243015132,5308
242060281,5309
242019028,5310
244063195,5311
244047066,5312
245065222,5313
242052026,5314
241086043,5315
244078086,5316
247019106,5317
241102012,5318
247047078,5319
246156084,5320
244040228,5321
241069062,5322
247026197,5323
244055087,5324
245058313,5325
245039175,5326
241003190,5327
243011166,5328
245065175,5329
242066158,5330
246119444,5331
245058236,5332
243003235,5333
242009220,5334
245066447,5335
246038179,5336
243041061,5337
247037084,5338
244079068,5339
246167400,5340
246155074,5341
241052146,5342
243052178,5343
243026131,5344
242050339,5345
245016398,5346
246119013,5347
246024050,5348
242019463,5349
244062118,5350
245058221,5351
247039235,5352
241004184,5353
241083101,5354
247009360,5355
243052447,5356
246011045,5357
241021024,5358
245058303,5359
247011493,5360
242053268,5361
243052292,5362
241134378,5363
246036080,5364
246018022,5365
246057089,5366
241073037,5367
247046173,5368
246151014,5369
243011060,5370
245010387,5371
241095048,5372
242055180,5373
242033026,5374
246097023,5375
246187028,5376
243027101,5377
246173012,5378
244045017,5379
246111184,5380
242073260,5381
243041031,5382
247004222,5383
246159552,5384
242030177,5385
241127147,5386
242062044,5387
245057065,5388
242032042,5389
242050287,5390
246022121,5391
246168077,5392
246072131,5393
245062106,5394
244053240,5395
244020374,5396
246172151,5397
243039022,5398
242073308,5399
241101523,5400
245034102,5401
244013087,5402
245062007,5403
242060152,5404
246083185,5405
244040083,5406
241110060,5407
241104353,5408
243005136,5409
242003055,5410
243027148,5411
246053067,5412
241142073,5413
247036218,5414
241057069,5415
245063066,5416
247050043,5417
246149478,5418
246083263,5419
245053040,5420
245058092,5421
242023016,5421
246166064,5423
242064001,5424
241109568,5425
247051491,5426
242040343,5427
244008245,5428
242005268,5429
246025134,5430
244058162,5431
241130103,5432
241031054,5433
247039166,5434
245024067,5435
246021033,5436
247051437,5437
247039116,5438
243032049,5439
246028163,5440
244058013,5441
244035100,5442
241079092,5443
244033345,5444
246183090,5445
247042266,5446
245043027,5447
244020081,5448
247004585,5449
242091047,5450
242001550,5451
247055009,5452
247041151,5453
242103067,5454
247020130,5455
246027373,5456
246029479,5457
247026089,5458
241157050,5459
246037075,5460
245063044,5461
241078064,5462
247022378,5463
247042573,5464
242043464,5465
244033038,5466
241101181,5467
241109045,5468
242093337,5469
246148152,5470
243016369,5471
242082293,5472
246149169,5473
241080303,5474
242006020,5475
241112286,5476
242012172,5477
246091079,5478
245063344,5479
245029646,5480
245064038,5481
241089042,5482
246163432,5483
244021082,5484
246088602,5485
247047042,5486
244045290,5487
246141092,5488
246158377,5489
246029481,5490
243011033,5491
242060238,5492
242020281,5493
247039319,5493
247027146,5495
242058337,5496
246035185,5497
242014319,5498
245019009,5499
246172196,5500
246025077,5501
245058132,5502
246149299,5503
244040006,5504
241130080,5505
245068218,5506
243025159,5507
242014206,5508
242072356,5509
245012040,5510
246206106,5511
244055152,5512
246091645,5513
246025045,5514
246038066,5515
244062078,5516
247002050,5517
246048216,5518
242021041,5519
246131195,5520
242018483,5521
246001164,5522
247039244,5523
246159463,5524
247008165,5525
245006470,5526
246006078,5527
244024050,5528
246053246,5529
246088408,5530
241111012,5531
246088104,5532
242070269,5533
246040123,5534
247018335,5535
245038213,5536
244041290,5537
241114118,5538
245014055,5539
245064492,5540
242049220,5541
244074100,5542
242056441,5543
246052397,5544
246191205,5545
246123063,5546
245057106,5547
247039188,5548
244023058,5549
244003100,5550
245053022,5551
241134454,5552
241043180,5553
244053081,5554
243004455,5555
242004302,5556
242007060,5557
247035037,5558
242005336,5559
242088050,5560
244047071,5561
241094177,5562
245007288,5563
246153494,5564
241023099,5565
242053453,5566
245019029,5567
245053011,5568
247002087,5569
242002107,5569
247051157,5571
244025220,5572
246192085,5573
241123159,5574
246088688,5575
242028057,5576
242102125,5577
241134672,5578
245037019,5579
247014026,5580
245062183,5581
245024368,5582
246171335,5583
243052283,5584
242062258,5585
246163468,5586
247003171,5587
241103159,5588
242042259,5589
241111006,5590
242088158,5591
247007081,5592
244067348,5593
247038125,5594
242074213,5595
242019450,5596
246143091,5597
247053299,5598
241042368,5599
246160251,5600
246178010,5601
243007133,5602
242053003,5603
241110262,5604
241134283,5605
242033329,5606
244051151,5607
245069074,5608
246006171,5609
246169035,5610
247016039,5611
242011102,5612
242012270,5613
244066180,5614
247021034,5615
244025190,5616
242022395,5617
245066097,5618
246161203,5619
241009081,5620
242062115,5621
247035248,5622
247036181,5623
242008011,5624
243052573,5625
246142089,5626
247015084,5627
246089172,5628
246039825,5629
244057011,5630
242082397,5631
246090059,5632
244036321,5633
247004133,5634
241083340,5635
242001247,5636
241001105,5637
245020076,5638
246033033,5639
246157117,5640
242059059,5641
242007047,5642
244037395,5643
242007109,5644
247054206,5645
244013020,5646
247035458,5647
246175125,5648
244051173,5649
242002238,5650
242055118,5651
245061052,5652
245063423,5653
242059074,5654
245067172,5655
241113118,5656
247008159,5657
243042106,5658
242030121,5659
247022286,5660
245058114,5661
244045028,5662
247033047,5663
244031121,5664
247018424,5665
242093349,5666
246022212,5667
246185086,5668
244037149,5669
243020366,5670
242051215,5671
242020022,5672
247035445,5673
243049068,5674
244052278,5675
245058184,5676
244033114,5677
242036340,5678
241045185,5679
242036031,5680
244069074,5681
244009415,5682
